cases,erp_pm_fitness_mean,erp_pm_fitness_std,pm4py_fitness_mean,pm4py_fitness_std,wilcoxon_stat,p_value,significant
100,0.7662714285714286,0.013597835628762413,1.0,0.0,0.0,0.001953125,True
500,0.7613857142857129,0.0006617163143867083,1.0,0.0,0.0,0.001953125,True
1000,0.7610571428571465,0.0002376185704737781,1.0,0.0,0.0,0.001953125,True
2000,0.7610535714285694,0.0002442652920082483,1.0,0.0,0.0,0.001953125,True
