cases,erp_pm_time_sec,pm4py_time_sec,erp_pm_memory_mb,pm4py_memory_mb,time_ratio,memory_ratio
100,0.032069399996544234,0.03361729999596719,0.16728973388671875,0.2811460494995117,1.048267195506924,1.680593560450586
500,0.1445951999994577,0.1484790999966208,0.8236665725708008,1.2915267944335938,1.0268605043402386,1.5680213783625128
1000,0.3030778000029386,0.28418260000034934,1.6849470138549805,2.5786542892456055,0.9376556118514584,1.5304067534716819
2000,0.5993015000058222,0.6723057999988669,3.4326725006103516,5.21762752532959,1.1218156470363172,1.5199898983669027
5000,1.4690976999991108,1.4713196000011521,8.38661003112793,12.87083911895752,1.0015124249408618,1.5346891140980474
